{"cameraMode":{"drawMode":0,"name":"Shaded","section":"Shading Mode"},"sceneLighting":true,"audioPlay":false,"sceneViewState":{"showFog":true,"showMaterialUpdate":false,"showSkybox":true,"showFlares":true,"showImageEffects":true,"showParticleSystems":true},"in2DMode":false,"pivot":{"x":-13.473448753356934,"y":4.0,"z":-0.07312923669815064},"rotation":{"x":0.03291579335927963,"y":0.06890793144702912,"z":-0.0022752024233341219,"w":0.997077226638794},"size":10.705158233642579,"orthographic":true}